{
	"themeName": "hontr",
	"wallMaterial": "CONCRETE TILES",
	"wallRoughness": 0.62000000476837158,
	"wallMetallic": 0.98000001907348633,
	"wallFullBright": 0.98000001907348633,
	"wallTint":
	{
		"x": 0.074213564395904541,
		"y": 0.074213564395904541,
		"z": 0.074213564395904541
	},
	"floorMaterial": "WOOD FLOOR WALNUT",
	"floorRoughness": 1,
	"floorMetallic": 1,
	"floorFullBright": 0,
	"floorTint":
	{
		"x": 0.21223099529743195,
		"y": 0.21223099529743195,
		"z": 0.21223099529743195
	},
	"overrideEnemyHeadColor": true,
	"overrideEnemyBodyColor": true,
	"setEnemyBodyColorAsAttackColor": false,
	"enemyColorRoughness": 0.75,
	"enemyColorMetallic": 0.5,
	"enemyColorFullBright": 0.25,
	"enemyHeadColor":
	{
		"x": 1,
		"y": 0.17100000381469727,
		"z": 0.17100000381469727
	},
	"enemyBodyColor":
	{
		"x": 0.31854701042175293,
		"y": 0.69387197494506836,
		"z": 0.82278597354888916
	},
	"skyPresetId": 8,
	"cloudCoverId": 0,
	"solidSkyColor": false,
	"sunVisible": false,
	"skyColor":
	{
		"b": 55,
		"g": 55,
		"r": 55,
		"a": 255
	}
}