{
	"themeName": "Light Blue",
	"wallMaterial": "PURE COLOR",
	"wallRoughness": 0.30000001192092896,
	"wallMetallic": 0,
	"wallFullBright": 0.57999998331069946,
	"wallTint":
	{
		"x": 0.070360094308853149,
		"y": 0.10224173218011856,
		"z": 0.15592646598815918
	},
	"floorMaterial": "MARBLE POLISHED",
	"floorRoughness": 0.43999999761581421,
	"floorMetallic": 1,
	"floorFullBright": 0.87999999523162842,
	"floorTint":
	{
		"x": 0.070360094308853149,
		"y": 0.10224173218011856,
		"z": 0.15592646598815918
	},
	"overrideEnemyHeadColor": true,
	"overrideEnemyBodyColor": true,
	"setEnemyBodyColorAsAttackColor": false,
	"enemyColorRoughness": 0,
	"enemyColorMetallic": 0,
	"enemyColorFullBright": 1,
	"enemyHeadColor":
	{
		"x": 1,
		"y": 1,
		"z": 1
	},
	"enemyBodyColor":
	{
		"x": 1,
		"y": 1,
		"z": 1
	},
	"skyPresetId": 0,
	"cloudCoverId": 0,
	"solidSkyColor": false,
	"sunVisible": false,
	"skyColor":
	{
		"b": 127,
		"g": 127,
		"r": 127,
		"a": 255
	}
}