{
	"themeName": "moving targets",
	"wallMaterial": "DRYWALL",
	"wallRoughness": 0.62000000476837158,
	"wallMetallic": 0.98000001907348633,
	"wallFullBright": 0.98000001907348633,
	"wallTint":
	{
		"x": 0.045186202973127365,
		"y": 0.045186202973127365,
		"z": 0.045186202973127365
	},
	"floorMaterial": "WOOD FLOOR WALNUT",
	"floorRoughness": 1,
	"floorMetallic": 1,
	"floorFullBright": 0,
	"floorTint":
	{
		"x": 0.21223099529743195,
		"y": 0.21223099529743195,
		"z": 0.21223099529743195
	},
	"overrideEnemyHeadColor": true,
	"overrideEnemyBodyColor": true,
	"setEnemyBodyColorAsAttackColor": false,
	"enemyColorRoughness": 0.75,
	"enemyColorMetallic": 0.5,
	"enemyColorFullBright": 0.25,
	"enemyHeadColor":
	{
		"x": 1,
		"y": 0.17100000381469727,
		"z": 0.17100000381469727
	},
	"enemyBodyColor":
	{
		"x": 1,
		"y": 1,
		"z": 1
	},
	"skyPresetId": 8,
	"cloudCoverId": 0,
	"solidSkyColor": false,
	"sunVisible": false,
	"skyColor":
	{
		"b": 127,
		"g": 127,
		"r": 127,
		"a": 255
	}
}