{
	"themeName": "Pokemon",
	"wallMaterial": "GROUND GRASS",
	"wallRoughness": 0.33000001311302185,
	"wallMetallic": 0.68000000715255737,
	"wallFullBright": 0.76999998092651367,
	"wallTint":
	{
		"x": 0.16202937066555023,
		"y": 0.57758045196533203,
		"z": 0.35153260827064514
	},
	"wallTextureScale": 1,
	"floorMaterial": "GROUND GRASS",
	"floorRoughness": 0.33456560969352722,
	"floorMetallic": 0.66492146253585815,
	"floorFullBright": 0.87249547243118286,
	"floorTint":
	{
		"x": 0.16202937066555023,
		"y": 0.57758045196533203,
		"z": 0.35153260827064514
	},
	"floorTextureScale": 1,
	"ceilingMaterial": "PURE COLOR",
	"ceilingRoughness": 0.92000001668930054,
	"ceilingMetallic": 0.89999997615814209,
	"ceilingFullBright": 0.5899999737739563,
	"ceilingTint":
	{
		"x": 0.19120168685913086,
		"y": 0.59061884880065918,
		"z": 0.94730651378631592
	},
	"ceilingTextureScale": 1,
	"rampMaterial": "GROUND GRASS",
	"rampRoughness": 0.33000001311302185,
	"rampMetallic": 0.68000000715255737,
	"rampFullBright": 0.76999998092651367,
	"rampTint":
	{
		"x": 0.16202937066555023,
		"y": 0.57758045196533203,
		"z": 0.35153260827064514
	},
	"rampTextureScale": 1,
	"overrideEnemyHeadColor": true,
	"overrideEnemyBodyColor": true,
	"setEnemyBodyColorAsAttackColor": false,
	"enemyColorRoughness": 0.36000001430511475,
	"enemyColorMetallic": 0.12999999523162842,
	"enemyColorFullBright": 0.5899999737739563,
	"enemyHeadColor":
	{
		"x": 1,
		"y": 1,
		"z": 1
	},
	"enemyHeadColorOnHit":
	{
		"x": 1,
		"y": 1,
		"z": 1
	},
	"enemyHeadColorOnLookAt":
	{
		"x": 1,
		"y": 1,
		"z": 1
	},
	"enemyBodyColor":
	{
		"x": 1,
		"y": 0,
		"z": 0
	},
	"enemyBodyColorOnHit":
	{
		"x": 1,
		"y": 1,
		"z": 1
	},
	"enemyBodyColorOnLookAt":
	{
		"x": 1,
		"y": 1,
		"z": 1
	},
	"changeEnemyColorOnHit": false,
	"changeEnemyColorOnLookAt": false,
	"teamGlowUpHead": 1,
	"teamGlowUpBody": 1,
	"enemyGlowUpHead": 1,
	"enemyGlowUpBody": 1,
	"enemyGlowUpHeadOnHit": 1,
	"enemyGlowUpBodyOnHit": 1,
	"enemyGlowUpHeadOnLookAt": 1,
	"enemyGlowUpBodyOnLookAt": 1,
	"skyPresetId": 3,
	"cloudCoverId": 1,
	"solidSkyColor": false,
	"sunVisible": true,
	"skyColor":
	{
		"b": 255,
		"g": 255,
		"r": 255,
		"a": 255
	}
}