{
	"themeName": "PureBlueDokkie",
	"wallMaterial": "PURE COLOR",
	"wallRoughness": 1,
	"wallMetallic": 0.5,
	"wallFullBright": 0.80000001192092896,
	"wallTint":
	{
		"x": 0.12213876843452454,
		"y": 0.12213876843452454,
		"z": 0.12213876843452454
	},
	"wallTextureScale": 1,
	"floorMaterial": "BRICK GREY",
	"floorRoughness": 1,
	"floorMetallic": 0.89999997615814209,
	"floorFullBright": 1,
	"floorTint":
	{
		"x": 0.42869049310684204,
		"y": 0.42869049310684204,
		"z": 0.46778380870819092
	},
	"floorTextureScale": 3,
	"ceilingMaterial": "PURE COLOR",
	"ceilingRoughness": 1,
	"ceilingMetallic": 1,
	"ceilingFullBright": 0.69999998807907104,
	"ceilingTint":
	{
		"x": 0.12213876843452454,
		"y": 0.12213876843452454,
		"z": 0.12743768095970154
	},
	"ceilingTextureScale": 1,
	"rampMaterial": "BRICK GREY",
	"rampRoughness": 1,
	"rampMetallic": 0.89999997615814209,
	"rampFullBright": 1,
	"rampTint":
	{
		"x": 0.42869049310684204,
		"y": 0.42869049310684204,
		"z": 0.46778380870819092
	},
	"rampTextureScale": 3,
	"overrideEnemyHeadColor": true,
	"overrideEnemyBodyColor": true,
	"setEnemyBodyColorAsAttackColor": false,
	"enemyColorRoughness": 1,
	"enemyColorMetallic": 0.5,
	"enemyColorFullBright": 1,
	"enemyHeadColor":
	{
		"x": 0.099898725748062134,
		"y": 0.69387173652648926,
		"z": 0.82278573513031006
	},
	"enemyHeadColorOnHit":
	{
		"x": 1,
		"y": 1,
		"z": 1
	},
	"enemyHeadColorOnLookAt":
	{
		"x": 1,
		"y": 1,
		"z": 0
	},
	"enemyBodyColor":
	{
		"x": 0.099898725748062134,
		"y": 0.69387173652648926,
		"z": 0.82278573513031006
	},
	"enemyBodyColorOnHit":
	{
		"x": 1,
		"y": 1,
		"z": 1
	},
	"enemyBodyColorOnLookAt":
	{
		"x": 1,
		"y": 1,
		"z": 0
	},
	"changeEnemyColorOnHit": false,
	"changeEnemyColorOnLookAt": false,
	"teamGlowUpHead": 1,
	"teamGlowUpBody": 1,
	"enemyGlowUpHead": 1,
	"enemyGlowUpBody": 1,
	"enemyGlowUpHeadOnHit": 1,
	"enemyGlowUpBodyOnHit": 1,
	"enemyGlowUpHeadOnLookAt": 1,
	"enemyGlowUpBodyOnLookAt": 1,
	"skyPresetId": 6,
	"cloudCoverId": 0,
	"solidSkyColor": false,
	"sunVisible": false,
	"skyColor":
	{
		"b": 103,
		"g": 120,
		"r": 144,
		"a": 255
	}
}