{
	"themeName": "snowi_darker_pinkygrid_20-7-21",
	"wallMaterial": "GRID 8",
	"wallRoughness": 0.6600000262260437,
	"wallMetallic": 0.33000001311302185,
	"wallFullBright": 0.33000001311302185,
	"wallTint":
	{
		"x": 0.12743768095970154,
		"y": 0.12743768095970154,
		"z": 0.12743768095970154
	},
	"floorMaterial": "MARBLE POLISHED",
	"floorRoughness": 0.40000000596046448,
	"floorMetallic": 1,
	"floorFullBright": 0.30000001192092896,
	"floorTint":
	{
		"x": 0.26225066184997559,
		"y": 0.26225066184997559,
		"z": 0.26225066184997559
	},
	"overrideEnemyHeadColor": false,
	"overrideEnemyBodyColor": true,
	"setEnemyBodyColorAsAttackColor": false,
	"enemyColorRoughness": 0,
	"enemyColorMetallic": 0.23000000417232513,
	"enemyColorFullBright": 0.43000000715255737,
	"enemyHeadColor":
	{
		"x": 1,
		"y": 1,
		"z": 1
	},
	"enemyBodyColor":
	{
		"x": 0.57758045196533203,
		"y": 0.30498731136322021,
		"z": 0.51491767168045044
	},
	"skyPresetId": 6,
	"cloudCoverId": 0,
	"solidSkyColor": false,
	"sunVisible": true,
	"skyColor":
	{
		"b": 120,
		"g": 111,
		"r": 126,
		"a": 255
	}
}