{
	"themeName": "01Jaha",
	"wallMaterial": "GRID 16",
	"wallRoughness": 0.30000001192092896,
	"wallMetallic": 1,
	"wallFullBright": 0,
	"wallTint":
	{
		"x": 0.15896083414554596,
		"y": 0.15896083414554596,
		"z": 0.15896083414554596
	},
	"wallTextureScale": 1,
	"floorMaterial": "MARBLE POLISHED",
	"floorRoughness": 0.47999998927116394,
	"floorMetallic": 0.93999999761581421,
	"floorFullBright": 0.85000002384185791,
	"floorTint":
	{
		"x": 0.12477181851863861,
		"y": 0.12477181851863861,
		"z": 0.12477181851863861
	},
	"floorTextureScale": 1,
	"ceilingMaterial": "MARBLE POLISHED",
	"ceilingRoughness": 0.47999998927116394,
	"ceilingMetallic": 0.93999999761581421,
	"ceilingFullBright": 0.85000002384185791,
	"ceilingTint":
	{
		"x": 0.12477181851863861,
		"y": 0.12477181851863861,
		"z": 0.12477181851863861
	},
	"ceilingTextureScale": 1,
	"rampMaterial": "GRID 16",
	"rampRoughness": 0.30000001192092896,
	"rampMetallic": 1,
	"rampFullBright": 0,
	"rampTint":
	{
		"x": 0.15896083414554596,
		"y": 0.15896083414554596,
		"z": 0.15896083414554596
	},
	"rampTextureScale": 1,
	"overrideEnemyHeadColor": true,
	"overrideEnemyBodyColor": true,
	"setEnemyBodyColorAsAttackColor": false,
	"enemyColorRoughness": 0.89999997615814209,
	"enemyColorMetallic": 1,
	"enemyColorFullBright": 0.5,
	"enemyHeadColor":
	{
		"x": 0.20507873594760895,
		"y": 1,
		"z": 0.070360094308853149
	},
	"enemyHeadColorOnHit":
	{
		"x": 2.7122879404480405e+30,
		"y": 7.062544260197078e-43,
		"z": 0
	},
	"enemyHeadColorOnLookAt":
	{
		"x": 0,
		"y": 1920,
		"z": 1080
	},
	"enemyBodyColor":
	{
		"x": 0.20507873594760895,
		"y": 1,
		"z": 0.070360094308853149
	},
	"enemyBodyColorOnHit":
	{
		"x": 1,
		"y": 0,
		"z": 0
	},
	"enemyBodyColorOnLookAt":
	{
		"x": -3.397059060716856e-07,
		"y": 4.5903735094352358e-41,
		"z": 0
	},
	"changeEnemyColorOnHit": false,
	"changeEnemyColorOnLookAt": false,
	"teamGlowUpHead": 0,
	"teamGlowUpBody": 0,
	"enemyGlowUpHead": 0,
	"enemyGlowUpBody": 1,
	"enemyGlowUpHeadOnHit": 0,
	"enemyGlowUpBodyOnHit": 0,
	"enemyGlowUpHeadOnLookAt": 0,
	"enemyGlowUpBodyOnLookAt": 0,
	"skyPresetId": 0,
	"cloudCoverId": 0,
	"solidSkyColor": false,
	"sunVisible": false,
	"skyColor":
	{
		"b": 127,
		"g": 127,
		"r": 99,
		"a": 255
	}
}