{
	"themeName": "DokkieStaticMint",
	"wallMaterial": "PURE COLOR",
	"wallRoughness": 1,
	"wallMetallic": 1,
	"wallFullBright": 0.5,
	"wallTint":
	{
		"x": 0.068478167057037354,
		"y": 0.20507873594760895,
		"z": 0.16826939582824707
	},
	"wallTextureScale": 1,
	"floorMaterial": "CONCRETE POURED",
	"floorRoughness": 1,
	"floorMetallic": 1,
	"floorFullBright": 0.75,
	"floorTint":
	{
		"x": 0.068478167057037354,
		"y": 0.20507873594760895,
		"z": 0.16826939582824707
	},
	"floorTextureScale": 1,
	"ceilingMaterial": "PURE COLOR",
	"ceilingRoughness": 1,
	"ceilingMetallic": 1,
	"ceilingFullBright": 1,
	"ceilingTint":
	{
		"x": 0.068478167057037354,
		"y": 0.20507873594760895,
		"z": 0.16826939582824707
	},
	"ceilingTextureScale": 1,
	"rampMaterial": "PURE COLOR",
	"rampRoughness": 1,
	"rampMetallic": 1,
	"rampFullBright": 0.75,
	"rampTint":
	{
		"x": 0.068478167057037354,
		"y": 0.20507873594760895,
		"z": 0.16826939582824707
	},
	"rampTextureScale": 1,
	"overrideEnemyHeadColor": true,
	"overrideEnemyBodyColor": true,
	"setEnemyBodyColorAsAttackColor": false,
	"enemyColorRoughness": 1,
	"enemyColorMetallic": 0,
	"enemyColorFullBright": 0.5,
	"enemyHeadColor":
	{
		"x": 1,
		"y": 1,
		"z": 1
	},
	"enemyHeadColorOnHit":
	{
		"x": 0.085591316223144531,
		"y": 8.4498297398786469e-43,
		"z": 1.4012984643248171e-45
	},
	"enemyHeadColorOnLookAt":
	{
		"x": 5.6051938572992683e-45,
		"y": 515.8642578125,
		"z": 8.4498297398786469e-43
	},
	"enemyBodyColor":
	{
		"x": 1,
		"y": 1,
		"z": 1
	},
	"enemyBodyColorOnHit":
	{
		"x": 0,
		"y": 515.86328125,
		"z": 8.4498297398786469e-43
	},
	"enemyBodyColorOnLookAt":
	{
		"x": -5.8883459043800753e+23,
		"y": 4.5905136392816682e-41,
		"z": -7.9561960111413903e+23
	},
	"changeEnemyColorOnHit": false,
	"changeEnemyColorOnLookAt": false,
	"teamGlowUpHead": 0,
	"teamGlowUpBody": 0,
	"enemyGlowUpHead": 0,
	"enemyGlowUpBody": 1,
	"enemyGlowUpHeadOnHit": 0,
	"enemyGlowUpBodyOnHit": 0,
	"enemyGlowUpHeadOnLookAt": 0,
	"enemyGlowUpBodyOnLookAt": 0,
	"skyPresetId": 6,
	"cloudCoverId": 0,
	"solidSkyColor": false,
	"sunVisible": false,
	"skyColor":
	{
		"b": 146,
		"g": 154,
		"r": 177,
		"a": 255
	}
}