{
	"themeName": "Goodbye World",
	"wallMaterial": "MARBLE POLISHED",
	"wallRoughness": 1,
	"wallMetallic": 0.68000000715255737,
	"wallFullBright": 0.76999998092651367,
	"wallTint":
	{
		"x": 0.17144109308719635,
		"y": 0.17144109308719635,
		"z": 0.17144109308719635
	},
	"wallTextureScale": 1,
	"floorMaterial": "GRID 16",
	"floorRoughness": 0.87000000476837158,
	"floorMetallic": 0.81999999284744263,
	"floorFullBright": 0.57999998331069946,
	"floorTint":
	{
		"x": 0.056128490716218948,
		"y": 0.056128490716218948,
		"z": 0.056128490716218948
	},
	"floorTextureScale": 1,
	"ceilingMaterial": "GRID 16",
	"ceilingRoughness": 0.87000000476837158,
	"ceilingMetallic": 0.81999999284744263,
	"ceilingFullBright": 0.57999998331069946,
	"ceilingTint":
	{
		"x": 0.17144109308719635,
		"y": 0.17144109308719635,
		"z": 0.17144109308719635
	},
	"ceilingTextureScale": 2.4000000953674316,
	"rampMaterial": "PURE COLOR",
	"rampRoughness": 0.33000001311302185,
	"rampMetallic": 0.68000000715255737,
	"rampFullBright": 0.76999998092651367,
	"rampTint":
	{
		"x": 0.21223075687885284,
		"y": 0.21223075687885284,
		"z": 0.21223075687885284
	},
	"rampTextureScale": 1,
	"overrideEnemyHeadColor": true,
	"overrideEnemyBodyColor": true,
	"setEnemyBodyColorAsAttackColor": false,
	"enemyColorRoughness": 0,
	"enemyColorMetallic": 1,
	"enemyColorFullBright": 1,
	"enemyHeadColor":
	{
		"x": 0,
		"y": 0,
		"z": 0
	},
	"enemyHeadColorOnHit":
	{
		"x": 1,
		"y": 1,
		"z": 1
	},
	"enemyHeadColorOnLookAt":
	{
		"x": 1,
		"y": 1,
		"z": 0
	},
	"enemyBodyColor":
	{
		"x": 1,
		"y": 1,
		"z": 1
	},
	"enemyBodyColorOnHit":
	{
		"x": 1,
		"y": 1,
		"z": 1
	},
	"enemyBodyColorOnLookAt":
	{
		"x": 1,
		"y": 1,
		"z": 0
	},
	"changeEnemyColorOnHit": false,
	"changeEnemyColorOnLookAt": false,
	"teamGlowUpHead": 1,
	"teamGlowUpBody": 1,
	"enemyGlowUpHead": 1,
	"enemyGlowUpBody": 1,
	"enemyGlowUpHeadOnHit": 1,
	"enemyGlowUpBodyOnHit": 1,
	"enemyGlowUpHeadOnLookAt": 1,
	"enemyGlowUpBodyOnLookAt": 1,
	"skyPresetId": 8,
	"cloudCoverId": 0,
	"solidSkyColor": false,
	"sunVisible": false,
	"skyColor":
	{
		"b": 188,
		"g": 188,
		"r": 188,
		"a": 255
	}
}