{
	"themeName": "oldkosei",
	"wallMaterial": "BRICK CLAY NEW",
	"wallRoughness": 1,
	"wallMetallic": 1,
	"wallFullBright": 0.97000002861022949,
	"wallTint":
	{
		"x": 0.29499998688697815,
		"y": 0.11225699633359909,
		"z": 0.056639999151229858
	},
	"floorMaterial": "BRICK CLAY BEVELED",
	"floorRoughness": 1,
	"floorMetallic": 0.55000001192092896,
	"floorFullBright": 0.87000000476837158,
	"floorTint":
	{
		"x": 0.5,
		"y": 0.5,
		"z": 0.5
	}
}