{
	"themeName": "TS-Pink",
	"wallMaterial": "PURE COLOR",
	"wallRoughness": 1,
	"wallMetallic": 0.5,
	"wallFullBright": 0.80000001192092896,
	"wallTint":
	{
		"x": 0.13286831974983215,
		"y": 0.13286831974983215,
		"z": 0.13286831974983215
	},
	"wallTextureScale": 1,
	"floorMaterial": "BRICK GREY",
	"floorRoughness": 1,
	"floorMetallic": 1,
	"floorFullBright": 0.79000002145767212,
	"floorTint":
	{
		"x": 0.42869049310684204,
		"y": 0.42869049310684204,
		"z": 0.46778380870819092
	},
	"floorTextureScale": 3,
	"ceilingMaterial": "GRID 16",
	"ceilingRoughness": 1,
	"ceilingMetallic": 1,
	"ceilingFullBright": 0.79000002145767212,
	"ceilingTint":
	{
		"x": 0.061246052384376526,
		"y": 0.061246052384376526,
		"z": 0.061246052384376526
	},
	"ceilingTextureScale": 0.10000000149011612,
	"rampMaterial": "GRID 16",
	"rampRoughness": 1,
	"rampMetallic": 1,
	"rampFullBright": 0.80000001192092896,
	"rampTint":
	{
		"x": 0.061246052384376526,
		"y": 0.061246052384376526,
		"z": 0.061246052384376526
	},
	"rampTextureScale": 1,
	"overrideEnemyHeadColor": true,
	"overrideEnemyBodyColor": true,
	"setEnemyBodyColorAsAttackColor": false,
	"enemyColorRoughness": 1,
	"enemyColorMetallic": 0.5,
	"enemyColorFullBright": 1,
	"enemyHeadColor":
	{
		"x": 0.81484657526016235,
		"y": 0.1119324266910553,
		"z": 0.53327637910842896
	},
	"enemyHeadColorOnHit":
	{
		"x": 1,
		"y": 1,
		"z": 1
	},
	"enemyHeadColorOnLookAt":
	{
		"x": 1,
		"y": 1,
		"z": 0
	},
	"enemyBodyColor":
	{
		"x": 0.81484657526016235,
		"y": 0.1119324266910553,
		"z": 0.53327637910842896
	},
	"enemyBodyColorOnHit":
	{
		"x": 1,
		"y": 1,
		"z": 1
	},
	"enemyBodyColorOnLookAt":
	{
		"x": 1,
		"y": 1,
		"z": 0
	},
	"changeEnemyColorOnHit": false,
	"changeEnemyColorOnLookAt": false,
	"teamGlowUpHead": 1,
	"teamGlowUpBody": 1,
	"enemyGlowUpHead": 2,
	"enemyGlowUpBody": 2,
	"enemyGlowUpHeadOnHit": 1,
	"enemyGlowUpBodyOnHit": 1,
	"enemyGlowUpHeadOnLookAt": 1,
	"enemyGlowUpBodyOnLookAt": 1,
	"skyPresetId": 6,
	"cloudCoverId": 0,
	"solidSkyColor": false,
	"sunVisible": false,
	"skyColor":
	{
		"b": 130,
		"g": 153,
		"r": 105,
		"a": 255
	}
}