{
	"themeName": "- All White ",
	"wallMaterial": "PURE COLOR",
	"wallRoughness": 0.33000001311302185,
	"wallMetallic": 0.68000000715255737,
	"wallFullBright": 0.76999998092651367,
	"wallTint":
	{
		"x": 0.21223075687885284,
		"y": 0.21223075687885284,
		"z": 0.21223075687885284
	},
	"floorMaterial": "GRID 16",
	"floorRoughness": 0.87000000476837158,
	"floorMetallic": 0.81999999284744263,
	"floorFullBright": 0.57999998331069946,
	"floorTint":
	{
		"x": 0.17144109308719635,
		"y": 0.17144109308719635,
		"z": 0.17144109308719635
	},
	"overrideEnemyHeadColor": true,
	"overrideEnemyBodyColor": true,
	"setEnemyBodyColorAsAttackColor": false,
	"enemyColorRoughness": 0,
	"enemyColorMetallic": 1,
	"enemyColorFullBright": 1,
	"enemyHeadColor":
	{
		"x": 0,
		"y": 0,
		"z": 0
	},
	"enemyBodyColor":
	{
		"x": 1,
		"y": 1,
		"z": 1
	},
	"skyPresetId": 8,
	"cloudCoverId": 0,
	"solidSkyColor": false,
	"sunVisible": false,
	"skyColor":
	{
		"b": 255,
		"g": 255,
		"r": 255,
		"a": 255
	}
}