{
	"themeName": "1track",
	"wallMaterial": "CONCRETE TILES",
	"wallRoughness": 0.23000000417232513,
	"wallMetallic": 0.23999999463558197,
	"wallFullBright": 0.23999999463558197,
	"wallTint":
	{
		"x": 0.423267662525177,
		"y": 0.423267662525177,
		"z": 0.45641103386878967
	},
	"wallTextureScale": 1,
	"floorMaterial": "BRICK CLAY BEVELED",
	"floorRoughness": 0.69999998807907104,
	"floorMetallic": 0.63999998569488525,
	"floorFullBright": 0.63999998569488525,
	"floorTint":
	{
		"x": 0.2541520893573761,
		"y": 0.2541520893573761,
		"z": 0.2541520893573761
	},
	"floorTextureScale": 1,
	"ceilingMaterial": "BRICK CLAY BEVELED",
	"ceilingRoughness": 0.69999998807907104,
	"ceilingMetallic": 0,
	"ceilingFullBright": 1,
	"ceilingTint":
	{
		"x": 0.2541520893573761,
		"y": 0.2541520893573761,
		"z": 0.2541520893573761
	},
	"ceilingTextureScale": 1,
	"rampMaterial": "CONCRETE TILES",
	"rampRoughness": 0.60000002384185791,
	"rampMetallic": 1,
	"rampFullBright": 0.34999999403953552,
	"rampTint":
	{
		"x": 0.2541520893573761,
		"y": 0.2541520893573761,
		"z": 0.2541520893573761
	},
	"rampTextureScale": 1,
	"overrideEnemyHeadColor": true,
	"overrideEnemyBodyColor": true,
	"setEnemyBodyColorAsAttackColor": false,
	"enemyColorRoughness": 1,
	"enemyColorMetallic": 0.23999999463558197,
	"enemyColorFullBright": 0.23999999463558197,
	"enemyHeadColor":
	{
		"x": 1,
		"y": 1,
		"z": 1
	},
	"enemyHeadColorOnHit":
	{
		"x": 1,
		"y": 1,
		"z": 1
	},
	"enemyHeadColorOnLookAt":
	{
		"x": 1,
		"y": 1,
		"z": 0
	},
	"enemyBodyColor":
	{
		"x": 1,
		"y": 1,
		"z": 1
	},
	"enemyBodyColorOnHit":
	{
		"x": 1,
		"y": 1,
		"z": 1
	},
	"enemyBodyColorOnLookAt":
	{
		"x": 1,
		"y": 1,
		"z": 0
	},
	"changeEnemyColorOnHit": false,
	"changeEnemyColorOnLookAt": false,
	"teamGlowUpHead": 1,
	"teamGlowUpBody": 1,
	"enemyGlowUpHead": 1,
	"enemyGlowUpBody": 1,
	"enemyGlowUpHeadOnHit": 1,
	"enemyGlowUpBodyOnHit": 1,
	"enemyGlowUpHeadOnLookAt": 1,
	"enemyGlowUpBodyOnLookAt": 1,
	"skyPresetId": 8,
	"cloudCoverId": 0,
	"solidSkyColor": false,
	"sunVisible": true,
	"skyColor":
	{
		"b": 212,
		"g": 188,
		"r": 188,
		"a": 255
	}
}