{
	"themeName": "Jebtypeofbeat",
	"wallMaterial": "PURE COLOR",
	"wallRoughness": 0.31999999284744263,
	"wallMetallic": 1,
	"wallFullBright": 0.30000001192092896,
	"wallTint":
	{
		"x": 0.32777810096740723,
		"y": 0.33716362714767456,
		"z": 0.3762621283531189
	},
	"floorMaterial": "PURE COLOR",
	"floorRoughness": 0.31000000238418579,
	"floorMetallic": 1,
	"floorFullBright": 0.31999999284744263,
	"floorTint":
	{
		"x": 0.32777810096740723,
		"y": 0.33716362714767456,
		"z": 0.3762621283531189
	},
	"overrideEnemyHeadColor": true,
	"overrideEnemyBodyColor": true,
	"setEnemyBodyColorAsAttackColor": false,
	"enemyColorRoughness": 1,
	"enemyColorMetallic": 0,
	"enemyColorFullBright": 0,
	"enemyHeadColor":
	{
		"x": 0.90104198455810547,
		"y": 0.012354999780654907,
		"z": 0.012354999780654907
	},
	"enemyBodyColor":
	{
		"x": 0,
		"y": 0,
		"z": 0
	},
	"skyPresetId": 1,
	"cloudCoverId": 0,
	"solidSkyColor": true,
	"sunVisible": false,
	"skyColor":
	{
		"b": 190,
		"g": 146,
		"r": 112,
		"a": 255
	}
}