{
	"themeName": "snowi_strawbNcreemDarker_18-08-21",
	"wallMaterial": "GRID 16",
	"wallRoughness": 0.10000000149011612,
	"wallMetallic": 0.5,
	"wallFullBright": 0.6600000262260437,
	"wallTint":
	{
		"x": 0.31854677200317383,
		"y": 0.18782077729701996,
		"z": 0.25015828013420105
	},
	"floorMaterial": "MARBLE POLISHED",
	"floorRoughness": 0.76999998092651367,
	"floorMetallic": 0.25,
	"floorFullBright": 0.25,
	"floorTint":
	{
		"x": 0.66538727283477783,
		"y": 0.32777810096740723,
		"z": 0.37123766541481018
	},
	"overrideEnemyHeadColor": false,
	"overrideEnemyBodyColor": true,
	"setEnemyBodyColorAsAttackColor": false,
	"enemyColorRoughness": 0.10000000149011612,
	"enemyColorMetallic": 0.5,
	"enemyColorFullBright": 0.6600000262260437,
	"enemyHeadColor":
	{
		"x": 1,
		"y": 0.41254261136054993,
		"z": 0.7304607629776001
	},
	"enemyBodyColor":
	{
		"x": 1,
		"y": 1,
		"z": 1
	},
	"skyPresetId": 6,
	"cloudCoverId": 2,
	"solidSkyColor": false,
	"sunVisible": true,
	"skyColor":
	{
		"b": 185,
		"g": 175,
		"r": 255,
		"a": 255
	}
}