{
	"themeName": "target switching 360 static",
	"wallMaterial": "PURE COLOR",
	"wallRoughness": 1,
	"wallMetallic": 1,
	"wallFullBright": 0.80000001192092896,
	"wallTint":
	{
		"x": 0.18447498977184296,
		"y": 0.18447498977184296,
		"z": 0.18447498977184296
	},
	"wallTextureScale": 1,
	"floorMaterial": "GRID 16",
	"floorRoughness": 1,
	"floorMetallic": 1,
	"floorFullBright": 0.79000002145767212,
	"floorTint":
	{
		"x": 0.090841710567474365,
		"y": 0.090841710567474365,
		"z": 0.090841710567474365
	},
	"floorTextureScale": 1,
	"ceilingMaterial": "GRID 16",
	"ceilingRoughness": 1,
	"ceilingMetallic": 1,
	"ceilingFullBright": 0.79000002145767212,
	"ceilingTint":
	{
		"x": 0.061246052384376526,
		"y": 0.061246052384376526,
		"z": 0.061246052384376526
	},
	"ceilingTextureScale": 0.10000000149011612,
	"rampMaterial": "GRID 16",
	"rampRoughness": 1,
	"rampMetallic": 1,
	"rampFullBright": 0.80000001192092896,
	"rampTint":
	{
		"x": 0.061246052384376526,
		"y": 0.061246052384376526,
		"z": 0.061246052384376526
	},
	"rampTextureScale": 0.10000000149011612,
	"overrideEnemyHeadColor": true,
	"overrideEnemyBodyColor": true,
	"setEnemyBodyColorAsAttackColor": false,
	"enemyColorRoughness": 0.98000001907348633,
	"enemyColorMetallic": 0,
	"enemyColorFullBright": 0.86000001430511475,
	"enemyHeadColor":
	{
		"x": 0.040915194898843765,
		"y": 1,
		"z": 0.0069954101927578449
	},
	"enemyHeadColorOnHit":
	{
		"x": 1,
		"y": 1,
		"z": 1
	},
	"enemyHeadColorOnLookAt":
	{
		"x": 1,
		"y": 1,
		"z": 0
	},
	"enemyBodyColor":
	{
		"x": 0.040915194898843765,
		"y": 1,
		"z": 0.0069954101927578449
	},
	"enemyBodyColorOnHit":
	{
		"x": 1,
		"y": 1,
		"z": 1
	},
	"enemyBodyColorOnLookAt":
	{
		"x": 1,
		"y": 1,
		"z": 0
	},
	"changeEnemyColorOnHit": false,
	"changeEnemyColorOnLookAt": false,
	"teamGlowUpHead": 1,
	"teamGlowUpBody": 1,
	"enemyGlowUpHead": 1,
	"enemyGlowUpBody": 1,
	"enemyGlowUpHeadOnHit": 1,
	"enemyGlowUpBodyOnHit": 1,
	"enemyGlowUpHeadOnLookAt": 1,
	"enemyGlowUpBodyOnLookAt": 1,
	"skyPresetId": 1,
	"cloudCoverId": 0,
	"solidSkyColor": false,
	"sunVisible": true,
	"skyColor":
	{
		"b": 225,
		"g": 200,
		"r": 140,
		"a": 255
	}
}